N,gamma,nu_squared,delta_N,learning_regret_final,pp_slope_tail
5,0.05,0.05,1.6,10.893008090873819,-0.8359418159677281
5,0.05,0.1,1.6,6.498625676361128,-0.8875458545777314
5,0.05,0.2,1.6,3.959130150196749,-0.945611939529757
5,0.1,0.05,1.2,15.573155216717584,-0.8852741273456272
5,0.1,0.1,1.2,9.501084287723126,-0.9697970884788144
5,0.1,0.2,1.2,6.055124264077635,-1.0576412170604013
5,0.15,0.05,0.8,52.34391099340485,-0.9139989513742202
5,0.15,0.1,0.8,21.08403528388072,-1.062133691793671
5,0.15,0.2,0.8,12.085411457254319,-1.1538552109666913
