gamma,nu_squared,learning_regret_final,regret_slope_tail,pp_slope_tail,L,bar_mu,cond_ii_value,cond_ii_holds,rhs_iv,cond_iv_holds,margin
0.04,0.05,26.261356390691848,0.19364674994275338,-0.910247192696019,8.213278243704314,0.08,8.373278243704315,False,inf,False,-inf
0.04,0.1,23.349270632824247,0.2038579870755987,-0.8822514441244959,8.213278243704314,0.08,8.373278243704315,False,inf,False,-inf
0.04,0.2,21.698130080752,0.2123441350201218,-0.8666707407527817,8.213278243704314,0.08,8.373278243704315,False,inf,False,-inf
0.08,0.05,26.095614125776414,0.2306440221573027,-0.8782814668783097,8.984396905474627,0.16,9.304396905474627,False,inf,False,-inf
0.08,0.1,23.319442554943613,0.24130282269653852,-0.8464651940312056,8.984396905474627,0.16,9.304396905474627,False,inf,False,-inf
0.08,0.2,21.74168478963835,0.25078373244407265,-0.8300955508450177,8.984396905474627,0.16,9.304396905474627,False,inf,False,-inf
0.12,0.05,29.535401061309116,0.2525233558846438,-0.8715098254454186,9.9189583158728,0.24,10.3989583158728,False,inf,False,-inf
0.12,0.1,25.960344521098968,0.26626030149655366,-0.8387496135816054,9.9189583158728,0.24,10.3989583158728,False,inf,False,-inf
0.12,0.2,24.02537828300232,0.27746497727666647,-0.8220039996691614,9.9189583158728,0.24,10.3989583158728,False,inf,False,-inf
0.16,0.05,43.338535039487454,0.23180286681973447,-0.8727808735522031,11.074652313975033,0.32,11.714652313975034,False,inf,False,-inf
0.16,0.1,34.05228180611127,0.25618161984604837,-0.8319662424466902,11.074652313975033,0.32,11.714652313975034,False,inf,False,-inf
0.16,0.2,29.81281303508386,0.2789274965877135,-0.820851763270181,11.074652313975033,0.32,11.714652313975034,False,inf,False,-inf
0.2,0.05,201.47871840389416,0.1576889874530194,-0.9344963693419317,12.539936203984453,0.4,13.339936203984454,False,inf,False,-inf
0.2,0.1,92.73935891590216,0.14404503111920977,-0.9259874872167745,12.539936203984453,0.4,13.339936203984454,False,inf,False,-inf
0.2,0.2,53.6833423171263,0.2120045271877066,-0.7664997019122386,12.539936203984453,0.4,13.339936203984454,False,inf,False,-inf
