N,nu_squared,learning_regret_final,regret_slope_tail,pp_slope_tail,L,bar_mu,cond_ii_value,cond_ii_holds,cond_iv_holds,margin
3,0.05,25.20409955229417,0.25218898626039726,-0.842747834523368,11.474942369093228,0.24799356928118194,11.970929507655592,False,False,-inf
3,0.1,22.58958121129282,0.2640218444848152,-0.7950146348250393,11.474942369093228,0.24799356928118194,11.970929507655592,False,False,-inf
3,0.2,21.246934589301144,0.2733163354393861,-0.7722183939545006,11.474942369093228,0.24799356928118194,11.970929507655592,False,False,-inf
5,0.05,27.74696410080719,0.2549600971592953,-0.36779854686194535,8.693510903128306,0.2300638977431289,9.153638698614564,False,False,-inf
5,0.1,26.11429017041285,0.26101344672418647,-0.3563424770385182,8.693510903128306,0.2300638977431289,9.153638698614564,False,False,-inf
5,0.2,25.263715791640717,0.26477048439656753,-0.34815675882157293,8.693510903128306,0.2300638977431289,9.153638698614564,False,False,-inf
10,0.05,167.0433670665081,0.16438316383507529,-0.7394056560760232,14.864723901227535,0.26841252908076974,15.401548959389075,False,False,-inf
10,0.1,161.94807067821043,0.1682939658819601,-0.7327911864144616,14.864723901227535,0.26841252908076974,15.401548959389075,False,False,-inf
10,0.2,159.16109070457182,0.17108776022664254,-0.7353112264687798,14.864723901227535,0.26841252908076974,15.401548959389075,False,False,-inf
