panel,N,c,eta,lambda_max_B_plus_Bt,regularity_holds,learning_regret_final,regret_slope_tail,pp_slope_tail
symm,2,0.05,0.5,0.4,True,60.7436994547761,0.5800950753263538,-0.512138233074075
symm,2,0.1,0.5,0.4,True,40.99058460088091,0.561204622232324,-0.44212497987199484
symm,2,0.2,0.5,0.4,True,25.30607263224247,0.5205597655950029,-0.40742159518594223
symm,5,0.05,0.5,0.39999999999999997,True,143.19886611985214,0.46421312893979677,-0.6286562939384763
symm,5,0.1,0.5,0.39999999999999997,True,92.81418741553468,0.45529765870756017,-0.5606196891039661
symm,5,0.2,0.5,0.39999999999999997,True,57.20004043934847,0.42737926756979305,-0.5467061889622833
asym,3,0.05,0.5,0.4294422143395364,True,115.85690127840613,0.5270622254516101,-0.6141909925874706
asym,3,0.1,0.5,0.4294422143395364,True,82.48011762548374,0.48928842441122866,-0.57539449553669
asym,3,0.2,0.5,0.4294422143395364,True,54.28928346374859,0.453752965667301,-0.574594218576741
asym,5,0.05,0.5,0.4055731940604253,True,155.18848596335167,0.4585614248503302,-0.53907395714654
asym,5,0.1,0.5,0.4055731940604253,True,101.42440069472622,0.4642671757170826,-0.5135442215796855
asym,5,0.2,0.5,0.4055731940604253,True,62.17655263780772,0.4498312593815778,-0.5189803692106815
