gamma,nu_squared,learning_regret_final,regret_slope_tail,pp_slope_tail,L,bar_mu,cond_ii_value,cond_ii_holds,cond_iv_holds,K_2,margin
0.05,0.05,3.0528955704165712,0.16182049330367537,-0.8777637088549636,1.1198298631965184,0.05,1.2198298631965185,True,False,0.8176701368034816,-0.8501724099726794
0.05,0.1,2.3251232435853546,0.15463180064893609,-0.8392445694152376,1.1198298631965184,0.05,1.2198298631965185,True,False,0.8176701368034816,-0.82048045688718
0.05,0.2,1.9228209031556704,0.1530549583760007,-0.8105441374155505,1.1198298631965184,0.05,1.2198298631965185,True,False,0.8176701368034816,-0.7633769490981402
0.08,0.05,3.11373197746437,0.1703524784224399,-0.8764417030038197,1.138859250859008,0.08,1.298859250859008,True,False,0.7801701368034815,-1.4281991780918992
0.08,0.1,2.3797321039941077,0.16254753893628032,-0.8354400989966131,1.138859250859008,0.08,1.298859250859008,True,False,0.7801701368034815,-1.3992564846045306
0.08,0.2,1.9780146641098133,0.16074097271263202,-0.8053461545443532,1.138859250859008,0.08,1.298859250859008,True,False,0.7801701368034815,-1.3436092582092671
0.1,0.05,3.212652227087716,0.1737422459227546,-0.8757186728868931,1.1617028134651746,0.1,1.3617028134651745,True,False,0.7551701368034814,-1.836598781775582
0.1,0.1,2.4550991625566767,0.1660060726002209,-0.8333389037573504,1.1617028134651746,0.1,1.3617028134651745,True,False,0.7551701368034814,-1.8081734415093815
0.1,0.2,2.043373204829398,0.16457462073538506,-0.8024126880968159,1.1617028134651746,0.1,1.3617028134651745,True,False,0.7551701368034814,-1.753529022537708
0.12,0.05,3.347340692259713,0.175887327505483,-0.8756218245247654,1.1856349313049424,0.12,1.4256349313049423,True,False,0.7301701368034814,-2.2651933214189204
0.12,0.1,2.5549471655656135,0.1686141433951611,-0.831497038378163,1.1856349313049424,0.12,1.4256349313049423,True,False,0.7301701368034814,-2.2372999475636632
0.12,0.2,2.1279764382223125,0.16766038538420314,-0.7995521837845407,1.1856349313049424,0.12,1.4256349313049423,True,False,0.7301701368034814,-2.183684472744741
